id,foodcomex_compound_id,provider_id,"created_at","updated_at"
1,1021,8,"2017-01-08 23:06:02","2017-01-08 23:06:02"
2,1023,14,"2017-01-12 15:52:51","2017-01-12 15:52:51"
3,1023,16,"2017-01-12 15:52:51","2017-01-12 15:52:51"
4,1023,18,"2017-01-12 15:52:51","2017-01-12 15:52:51"
5,1023,17,"2017-01-12 15:52:51","2017-01-12 15:52:51"
9,1008,22,"2017-01-17 09:17:11","2017-01-17 09:17:11"
10,1008,19,"2017-01-17 09:17:11","2017-01-17 09:17:11"
11,1009,22,"2017-01-17 09:18:18","2017-01-17 09:18:18"
12,1009,19,"2017-01-17 09:18:18","2017-01-17 09:18:18"
13,1010,22,"2017-01-17 09:19:15","2017-01-17 09:19:15"
14,1010,19,"2017-01-17 09:19:15","2017-01-17 09:19:15"
15,1011,22,"2017-01-17 09:20:31","2017-01-17 09:20:31"
16,1011,19,"2017-01-17 09:20:31","2017-01-17 09:20:31"
17,1012,22,"2017-01-17 09:21:18","2017-01-17 09:21:18"
18,1012,19,"2017-01-17 09:21:18","2017-01-17 09:21:18"
19,1013,22,"2017-01-17 09:21:59","2017-01-17 09:21:59"
20,1013,19,"2017-01-17 09:21:59","2017-01-17 09:21:59"
21,1014,22,"2017-01-17 09:22:37","2017-01-17 09:22:37"
22,1014,19,"2017-01-17 09:22:37","2017-01-17 09:22:37"
23,1015,22,"2017-01-17 09:23:18","2017-01-17 09:23:18"
24,1015,19,"2017-01-17 09:23:18","2017-01-17 09:23:18"
25,1016,22,"2017-01-17 09:24:17","2017-01-17 09:24:17"
26,1016,19,"2017-01-17 09:24:17","2017-01-17 09:24:17"
27,1017,22,"2017-01-17 09:24:50","2017-01-17 09:24:50"
28,1017,19,"2017-01-17 09:24:50","2017-01-17 09:24:50"
29,1018,22,"2017-01-17 09:25:28","2017-01-17 09:25:28"
30,1018,19,"2017-01-17 09:25:28","2017-01-17 09:25:28"
31,1006,22,"2017-01-17 09:26:12","2017-01-17 09:26:12"
32,1006,19,"2017-01-17 09:26:12","2017-01-17 09:26:12"
33,1007,20,"2017-01-17 09:28:12","2017-01-17 09:28:12"
34,1019,21,"2017-01-17 09:38:30","2017-01-17 09:38:30"
35,1020,14,"2017-01-17 09:40:11","2017-01-17 09:40:11"
36,1020,16,"2017-01-17 09:40:11","2017-01-17 09:40:11"
37,1020,17,"2017-01-17 09:40:11","2017-01-17 09:40:11"
38,1020,18,"2017-01-17 09:40:11","2017-01-17 09:40:11"
39,1024,21,"2017-01-17 12:48:29","2017-01-17 12:48:29"
40,1025,21,"2017-01-17 12:50:49","2017-01-17 12:50:49"
41,1026,21,"2017-01-17 12:52:34","2017-01-17 12:52:34"
42,1027,21,"2017-01-17 12:57:17","2017-01-17 12:57:17"
43,1028,21,"2017-01-17 12:59:51","2017-01-17 12:59:51"
45,1030,21,"2017-01-17 13:04:41","2017-01-17 13:04:41"
47,1031,21,"2017-01-17 13:09:32","2017-01-17 13:09:32"
48,1032,21,"2017-01-17 13:11:14","2017-01-17 13:11:14"
49,1033,21,"2017-01-17 13:12:53","2017-01-17 13:12:53"
50,1034,14,"2017-01-17 13:58:49","2017-01-17 13:58:49"
51,1034,16,"2017-01-17 13:58:49","2017-01-17 13:58:49"
52,1034,17,"2017-01-17 13:58:49","2017-01-17 13:58:49"
53,1034,18,"2017-01-17 13:58:49","2017-01-17 13:58:49"
54,1035,14,"2017-01-17 14:02:22","2017-01-17 14:02:22"
55,1035,16,"2017-01-17 14:02:22","2017-01-17 14:02:22"
56,1035,17,"2017-01-17 14:02:22","2017-01-17 14:02:22"
57,1035,18,"2017-01-17 14:02:22","2017-01-17 14:02:22"
58,1036,14,"2017-01-17 14:04:54","2017-01-17 14:04:54"
59,1036,16,"2017-01-17 14:04:54","2017-01-17 14:04:54"
60,1036,17,"2017-01-17 14:04:54","2017-01-17 14:04:54"
61,1036,18,"2017-01-17 14:04:54","2017-01-17 14:04:54"
62,1037,14,"2017-01-17 14:08:28","2017-01-17 14:08:28"
63,1037,16,"2017-01-17 14:08:28","2017-01-17 14:08:28"
64,1037,18,"2017-01-17 14:08:28","2017-01-17 14:08:28"
65,1037,17,"2017-01-17 14:08:28","2017-01-17 14:08:28"
66,1038,14,"2017-01-17 14:10:40","2017-01-17 14:10:40"
67,1038,16,"2017-01-17 14:10:40","2017-01-17 14:10:40"
68,1038,18,"2017-01-17 14:10:40","2017-01-17 14:10:40"
69,1038,17,"2017-01-17 14:10:40","2017-01-17 14:10:40"
70,1039,14,"2017-01-17 14:15:14","2017-01-17 14:15:14"
71,1039,16,"2017-01-17 14:15:14","2017-01-17 14:15:14"
72,1039,18,"2017-01-17 14:15:14","2017-01-17 14:15:14"
73,1039,17,"2017-01-17 14:15:14","2017-01-17 14:15:14"
74,1040,14,"2017-01-17 14:28:49","2017-01-17 14:28:49"
75,1040,16,"2017-01-17 14:28:49","2017-01-17 14:28:49"
76,1040,18,"2017-01-17 14:28:49","2017-01-17 14:28:49"
77,1040,17,"2017-01-17 14:28:49","2017-01-17 14:28:49"
79,1042,20,"2017-01-17 15:15:15","2017-01-17 15:15:15"
80,1043,20,"2017-01-17 15:20:45","2017-01-17 15:20:45"
81,1044,20,"2017-01-17 15:23:01","2017-01-17 15:23:01"
82,1045,20,"2017-01-17 15:28:19","2017-01-17 15:28:19"
83,1046,20,"2017-01-17 15:31:14","2017-01-17 15:31:14"
84,1047,20,"2017-01-17 15:33:10","2017-01-17 15:33:10"
85,1,10,"2017-01-19 02:36:09","2017-01-19 02:36:09"
86,2,10,"2017-01-19 02:36:09","2017-01-19 02:36:09"
87,3,10,"2017-01-19 02:36:09","2017-01-19 02:36:09"
88,4,10,"2017-01-19 02:36:09","2017-01-19 02:36:09"
89,5,10,"2017-01-19 02:36:09","2017-01-19 02:36:09"
90,6,10,"2017-01-19 02:36:09","2017-01-19 02:36:09"
91,7,10,"2017-01-19 02:36:09","2017-01-19 02:36:09"
92,8,10,"2017-01-19 02:36:09","2017-01-19 02:36:09"
93,9,10,"2017-01-19 02:36:09","2017-01-19 02:36:09"
94,10,10,"2017-01-19 02:36:09","2017-01-19 02:36:09"
95,11,10,"2017-01-19 02:36:10","2017-01-19 02:36:10"
96,12,10,"2017-01-19 02:36:10","2017-01-19 02:36:10"
97,13,10,"2017-01-19 02:36:10","2017-01-19 02:36:10"
98,14,10,"2017-01-19 02:36:10","2017-01-19 02:36:10"
99,15,10,"2017-01-19 02:36:10","2017-01-19 02:36:10"
100,16,10,"2017-01-19 02:36:10","2017-01-19 02:36:10"
101,17,10,"2017-01-19 02:36:10","2017-01-19 02:36:10"
102,18,10,"2017-01-19 02:36:10","2017-01-19 02:36:10"
103,19,10,"2017-01-19 02:36:10","2017-01-19 02:36:10"
104,20,10,"2017-01-19 02:36:10","2017-01-19 02:36:10"
105,21,10,"2017-01-19 02:36:10","2017-01-19 02:36:10"
106,22,10,"2017-01-19 02:36:10","2017-01-19 02:36:10"
107,23,10,"2017-01-19 02:36:10","2017-01-19 02:36:10"
108,24,10,"2017-01-19 02:36:10","2017-01-19 02:36:10"
109,25,10,"2017-01-19 02:36:10","2017-01-19 02:36:10"
110,26,10,"2017-01-19 02:36:10","2017-01-19 02:36:10"
111,27,10,"2017-01-19 02:36:10","2017-01-19 02:36:10"
112,28,10,"2017-01-19 02:36:10","2017-01-19 02:36:10"
113,29,10,"2017-01-19 02:36:10","2017-01-19 02:36:10"
114,30,10,"2017-01-19 02:36:10","2017-01-19 02:36:10"
115,31,10,"2017-01-19 02:36:10","2017-01-19 02:36:10"
116,32,10,"2017-01-19 02:36:10","2017-01-19 02:36:10"
117,33,10,"2017-01-19 02:36:10","2017-01-19 02:36:10"
118,34,10,"2017-01-19 02:36:10","2017-01-19 02:36:10"
119,35,10,"2017-01-19 02:36:10","2017-01-19 02:36:10"
120,36,10,"2017-01-19 02:36:10","2017-01-19 02:36:10"
121,37,10,"2017-01-19 02:36:10","2017-01-19 02:36:10"
122,38,10,"2017-01-19 02:36:11","2017-01-19 02:36:11"
123,39,10,"2017-01-19 02:36:11","2017-01-19 02:36:11"
124,40,10,"2017-01-19 02:36:11","2017-01-19 02:36:11"
125,41,10,"2017-01-19 02:36:11","2017-01-19 02:36:11"
126,42,10,"2017-01-19 02:36:11","2017-01-19 02:36:11"
127,43,10,"2017-01-19 02:36:11","2017-01-19 02:36:11"
128,44,10,"2017-01-19 02:36:11","2017-01-19 02:36:11"
129,45,10,"2017-01-19 02:36:11","2017-01-19 02:36:11"
130,46,10,"2017-01-19 02:36:11","2017-01-19 02:36:11"
131,47,10,"2017-01-19 02:36:11","2017-01-19 02:36:11"
132,48,10,"2017-01-19 02:36:11","2017-01-19 02:36:11"
133,49,10,"2017-01-19 02:36:11","2017-01-19 02:36:11"
134,50,10,"2017-01-19 02:36:11","2017-01-19 02:36:11"
135,51,10,"2017-01-19 02:36:11","2017-01-19 02:36:11"
136,52,10,"2017-01-19 02:36:11","2017-01-19 02:36:11"
137,53,10,"2017-01-19 02:36:11","2017-01-19 02:36:11"
138,54,10,"2017-01-19 02:36:11","2017-01-19 02:36:11"
139,55,10,"2017-01-19 02:36:11","2017-01-19 02:36:11"
140,56,10,"2017-01-19 02:36:11","2017-01-19 02:36:11"
141,57,10,"2017-01-19 02:36:11","2017-01-19 02:36:11"
142,58,10,"2017-01-19 02:36:11","2017-01-19 02:36:11"
143,59,10,"2017-01-19 02:36:11","2017-01-19 02:36:11"
144,60,10,"2017-01-19 02:36:11","2017-01-19 02:36:11"
145,61,10,"2017-01-19 02:36:11","2017-01-19 02:36:11"
146,62,10,"2017-01-19 02:36:11","2017-01-19 02:36:11"
147,63,10,"2017-01-19 02:36:11","2017-01-19 02:36:11"
148,64,10,"2017-01-19 02:36:11","2017-01-19 02:36:11"
149,65,10,"2017-01-19 02:36:11","2017-01-19 02:36:11"
150,66,10,"2017-01-19 02:36:11","2017-01-19 02:36:11"
151,67,10,"2017-01-19 02:36:11","2017-01-19 02:36:11"
152,68,10,"2017-01-19 02:36:11","2017-01-19 02:36:11"
153,69,10,"2017-01-19 02:36:11","2017-01-19 02:36:11"
154,70,10,"2017-01-19 02:36:11","2017-01-19 02:36:11"
155,71,10,"2017-01-19 02:36:12","2017-01-19 02:36:12"
156,72,10,"2017-01-19 02:36:12","2017-01-19 02:36:12"
157,73,10,"2017-01-19 02:36:12","2017-01-19 02:36:12"
158,74,10,"2017-01-19 02:36:12","2017-01-19 02:36:12"
159,75,10,"2017-01-19 02:36:12","2017-01-19 02:36:12"
160,76,10,"2017-01-19 02:36:12","2017-01-19 02:36:12"
161,77,10,"2017-01-19 02:36:12","2017-01-19 02:36:12"
162,78,10,"2017-01-19 02:36:12","2017-01-19 02:36:12"
163,79,10,"2017-01-19 02:36:12","2017-01-19 02:36:12"
164,80,10,"2017-01-19 02:36:12","2017-01-19 02:36:12"
165,81,10,"2017-01-19 02:36:12","2017-01-19 02:36:12"
166,82,10,"2017-01-19 02:36:12","2017-01-19 02:36:12"
167,83,10,"2017-01-19 02:36:12","2017-01-19 02:36:12"
168,84,10,"2017-01-19 02:36:12","2017-01-19 02:36:12"
169,85,10,"2017-01-19 02:36:12","2017-01-19 02:36:12"
170,86,10,"2017-01-19 02:36:12","2017-01-19 02:36:12"
171,87,10,"2017-01-19 02:36:12","2017-01-19 02:36:12"
172,88,10,"2017-01-19 02:36:12","2017-01-19 02:36:12"
173,89,10,"2017-01-19 02:36:12","2017-01-19 02:36:12"
174,90,10,"2017-01-19 02:36:12","2017-01-19 02:36:12"
175,91,10,"2017-01-19 02:36:12","2017-01-19 02:36:12"
176,92,10,"2017-01-19 02:36:12","2017-01-19 02:36:12"
177,93,10,"2017-01-19 02:36:12","2017-01-19 02:36:12"
178,94,10,"2017-01-19 02:36:12","2017-01-19 02:36:12"
179,95,10,"2017-01-19 02:36:12","2017-01-19 02:36:12"
180,96,10,"2017-01-19 02:36:12","2017-01-19 02:36:12"
181,97,10,"2017-01-19 02:36:12","2017-01-19 02:36:12"
182,98,10,"2017-01-19 02:36:12","2017-01-19 02:36:12"
183,99,10,"2017-01-19 02:36:12","2017-01-19 02:36:12"
184,100,10,"2017-01-19 02:36:12","2017-01-19 02:36:12"
185,101,10,"2017-01-19 02:36:12","2017-01-19 02:36:12"
186,102,10,"2017-01-19 02:36:12","2017-01-19 02:36:12"
187,103,10,"2017-01-19 02:36:12","2017-01-19 02:36:12"
188,104,10,"2017-01-19 02:36:12","2017-01-19 02:36:12"
189,105,10,"2017-01-19 02:36:13","2017-01-19 02:36:13"
190,106,10,"2017-01-19 02:36:13","2017-01-19 02:36:13"
191,107,10,"2017-01-19 02:36:13","2017-01-19 02:36:13"
192,108,10,"2017-01-19 02:36:13","2017-01-19 02:36:13"
193,109,10,"2017-01-19 02:36:13","2017-01-19 02:36:13"
194,110,10,"2017-01-19 02:36:13","2017-01-19 02:36:13"
195,111,10,"2017-01-19 02:36:13","2017-01-19 02:36:13"
196,112,10,"2017-01-19 02:36:13","2017-01-19 02:36:13"
197,113,10,"2017-01-19 02:36:13","2017-01-19 02:36:13"
198,114,10,"2017-01-19 02:36:13","2017-01-19 02:36:13"
199,115,10,"2017-01-19 02:36:13","2017-01-19 02:36:13"
200,116,10,"2017-01-19 02:36:13","2017-01-19 02:36:13"
201,117,10,"2017-01-19 02:36:13","2017-01-19 02:36:13"
202,118,10,"2017-01-19 02:36:13","2017-01-19 02:36:13"
203,119,10,"2017-01-19 02:36:13","2017-01-19 02:36:13"
204,120,10,"2017-01-19 02:36:13","2017-01-19 02:36:13"
205,121,10,"2017-01-19 02:36:13","2017-01-19 02:36:13"
206,122,10,"2017-01-19 02:36:13","2017-01-19 02:36:13"
207,123,10,"2017-01-19 02:36:13","2017-01-19 02:36:13"
208,124,10,"2017-01-19 02:36:13","2017-01-19 02:36:13"
209,125,10,"2017-01-19 02:36:13","2017-01-19 02:36:13"
210,126,10,"2017-01-19 02:36:13","2017-01-19 02:36:13"
211,127,10,"2017-01-19 02:36:13","2017-01-19 02:36:13"
212,128,10,"2017-01-19 02:36:13","2017-01-19 02:36:13"
213,129,10,"2017-01-19 02:36:13","2017-01-19 02:36:13"
214,130,10,"2017-01-19 02:36:13","2017-01-19 02:36:13"
215,131,10,"2017-01-19 02:36:13","2017-01-19 02:36:13"
216,132,10,"2017-01-19 02:36:13","2017-01-19 02:36:13"
217,133,10,"2017-01-19 02:36:13","2017-01-19 02:36:13"
218,134,10,"2017-01-19 02:36:14","2017-01-19 02:36:14"
219,135,10,"2017-01-19 02:36:14","2017-01-19 02:36:14"
220,136,10,"2017-01-19 02:36:14","2017-01-19 02:36:14"
221,137,10,"2017-01-19 02:36:14","2017-01-19 02:36:14"
222,138,10,"2017-01-19 02:36:14","2017-01-19 02:36:14"
223,139,10,"2017-01-19 02:36:14","2017-01-19 02:36:14"
224,140,10,"2017-01-19 02:36:14","2017-01-19 02:36:14"
225,141,10,"2017-01-19 02:36:14","2017-01-19 02:36:14"
226,142,10,"2017-01-19 02:36:14","2017-01-19 02:36:14"
227,143,10,"2017-01-19 02:36:14","2017-01-19 02:36:14"
228,144,10,"2017-01-19 02:36:14","2017-01-19 02:36:14"
229,145,10,"2017-01-19 02:36:14","2017-01-19 02:36:14"
230,146,10,"2017-01-19 02:36:14","2017-01-19 02:36:14"
231,147,10,"2017-01-19 02:36:14","2017-01-19 02:36:14"
232,148,10,"2017-01-19 02:36:14","2017-01-19 02:36:14"
233,149,10,"2017-01-19 02:36:14","2017-01-19 02:36:14"
234,150,10,"2017-01-19 02:36:14","2017-01-19 02:36:14"
235,151,10,"2017-01-19 02:36:14","2017-01-19 02:36:14"
236,152,10,"2017-01-19 02:36:15","2017-01-19 02:36:15"
237,153,10,"2017-01-19 02:36:15","2017-01-19 02:36:15"
238,154,10,"2017-01-19 02:36:15","2017-01-19 02:36:15"
239,155,10,"2017-01-19 02:36:15","2017-01-19 02:36:15"
240,156,10,"2017-01-19 02:36:15","2017-01-19 02:36:15"
241,157,10,"2017-01-19 02:36:15","2017-01-19 02:36:15"
242,158,10,"2017-01-19 02:36:15","2017-01-19 02:36:15"
243,159,10,"2017-01-19 02:36:15","2017-01-19 02:36:15"
244,160,10,"2017-01-19 02:36:15","2017-01-19 02:36:15"
245,161,10,"2017-01-19 02:36:15","2017-01-19 02:36:15"
246,162,10,"2017-01-19 02:36:15","2017-01-19 02:36:15"
247,163,10,"2017-01-19 02:36:15","2017-01-19 02:36:15"
248,164,10,"2017-01-19 02:36:15","2017-01-19 02:36:15"
249,165,10,"2017-01-19 02:36:15","2017-01-19 02:36:15"
250,166,10,"2017-01-19 02:36:15","2017-01-19 02:36:15"
251,167,10,"2017-01-19 02:36:15","2017-01-19 02:36:15"
252,168,10,"2017-01-19 02:36:15","2017-01-19 02:36:15"
253,169,10,"2017-01-19 02:36:15","2017-01-19 02:36:15"
254,170,10,"2017-01-19 02:36:15","2017-01-19 02:36:15"
255,171,10,"2017-01-19 02:36:15","2017-01-19 02:36:15"
256,172,10,"2017-01-19 02:36:15","2017-01-19 02:36:15"
257,173,10,"2017-01-19 02:36:15","2017-01-19 02:36:15"
258,174,10,"2017-01-19 02:36:15","2017-01-19 02:36:15"
259,175,10,"2017-01-19 02:36:15","2017-01-19 02:36:15"
260,176,10,"2017-01-19 02:36:15","2017-01-19 02:36:15"
261,177,10,"2017-01-19 02:36:15","2017-01-19 02:36:15"
262,178,10,"2017-01-19 02:36:15","2017-01-19 02:36:15"
263,179,10,"2017-01-19 02:36:15","2017-01-19 02:36:15"
264,180,10,"2017-01-19 02:36:15","2017-01-19 02:36:15"
265,181,10,"2017-01-19 02:36:15","2017-01-19 02:36:15"
266,182,10,"2017-01-19 02:36:15","2017-01-19 02:36:15"
267,183,10,"2017-01-19 02:36:15","2017-01-19 02:36:15"
268,184,10,"2017-01-19 02:36:15","2017-01-19 02:36:15"
269,185,10,"2017-01-19 02:36:15","2017-01-19 02:36:15"
270,186,10,"2017-01-19 02:36:15","2017-01-19 02:36:15"
271,187,10,"2017-01-19 02:36:15","2017-01-19 02:36:15"
272,188,10,"2017-01-19 02:36:16","2017-01-19 02:36:16"
273,189,10,"2017-01-19 02:36:16","2017-01-19 02:36:16"
274,190,10,"2017-01-19 02:36:16","2017-01-19 02:36:16"
275,191,10,"2017-01-19 02:36:16","2017-01-19 02:36:16"
276,192,10,"2017-01-19 02:36:16","2017-01-19 02:36:16"
277,193,10,"2017-01-19 02:36:16","2017-01-19 02:36:16"
278,194,10,"2017-01-19 02:36:16","2017-01-19 02:36:16"
279,195,10,"2017-01-19 02:36:16","2017-01-19 02:36:16"
280,196,10,"2017-01-19 02:36:16","2017-01-19 02:36:16"
281,197,10,"2017-01-19 02:36:16","2017-01-19 02:36:16"
282,198,10,"2017-01-19 02:36:16","2017-01-19 02:36:16"
283,199,10,"2017-01-19 02:36:16","2017-01-19 02:36:16"
284,200,10,"2017-01-19 02:36:16","2017-01-19 02:36:16"
285,201,10,"2017-01-19 02:36:16","2017-01-19 02:36:16"
286,202,10,"2017-01-19 02:36:16","2017-01-19 02:36:16"
287,203,10,"2017-01-19 02:36:16","2017-01-19 02:36:16"
288,204,10,"2017-01-19 02:36:16","2017-01-19 02:36:16"
289,205,10,"2017-01-19 02:36:16","2017-01-19 02:36:16"
290,206,10,"2017-01-19 02:36:16","2017-01-19 02:36:16"
291,207,10,"2017-01-19 02:36:16","2017-01-19 02:36:16"
292,208,10,"2017-01-19 02:36:16","2017-01-19 02:36:16"
293,209,10,"2017-01-19 02:36:16","2017-01-19 02:36:16"
294,210,10,"2017-01-19 02:36:16","2017-01-19 02:36:16"
295,211,10,"2017-01-19 02:36:16","2017-01-19 02:36:16"
296,212,10,"2017-01-19 02:36:16","2017-01-19 02:36:16"
297,213,10,"2017-01-19 02:36:16","2017-01-19 02:36:16"
298,214,10,"2017-01-19 02:36:17","2017-01-19 02:36:17"
299,215,10,"2017-01-19 02:36:17","2017-01-19 02:36:17"
300,216,10,"2017-01-19 02:36:17","2017-01-19 02:36:17"
301,217,10,"2017-01-19 02:36:17","2017-01-19 02:36:17"
302,218,10,"2017-01-19 02:36:17","2017-01-19 02:36:17"
303,219,10,"2017-01-19 02:36:17","2017-01-19 02:36:17"
304,220,10,"2017-01-19 02:36:17","2017-01-19 02:36:17"
305,221,10,"2017-01-19 02:36:17","2017-01-19 02:36:17"
306,222,10,"2017-01-19 02:36:17","2017-01-19 02:36:17"
307,223,10,"2017-01-19 02:36:17","2017-01-19 02:36:17"
308,224,10,"2017-01-19 02:36:17","2017-01-19 02:36:17"
309,225,10,"2017-01-19 02:36:17","2017-01-19 02:36:17"
310,226,10,"2017-01-19 02:36:17","2017-01-19 02:36:17"
311,227,10,"2017-01-19 02:36:17","2017-01-19 02:36:17"
312,228,10,"2017-01-19 02:36:17","2017-01-19 02:36:17"
313,229,10,"2017-01-19 02:36:17","2017-01-19 02:36:17"
314,230,10,"2017-01-19 02:36:17","2017-01-19 02:36:17"
315,231,10,"2017-01-19 02:36:17","2017-01-19 02:36:17"
316,232,10,"2017-01-19 02:36:17","2017-01-19 02:36:17"
317,233,10,"2017-01-19 02:36:17","2017-01-19 02:36:17"
318,234,10,"2017-01-19 02:36:17","2017-01-19 02:36:17"
319,235,10,"2017-01-19 02:36:17","2017-01-19 02:36:17"
320,236,10,"2017-01-19 02:36:17","2017-01-19 02:36:17"
321,237,10,"2017-01-19 02:36:17","2017-01-19 02:36:17"
322,238,10,"2017-01-19 02:36:17","2017-01-19 02:36:17"
323,239,10,"2017-01-19 02:36:17","2017-01-19 02:36:17"
324,240,10,"2017-01-19 02:36:17","2017-01-19 02:36:17"
325,241,10,"2017-01-19 02:36:17","2017-01-19 02:36:17"
326,242,10,"2017-01-19 02:36:17","2017-01-19 02:36:17"
327,243,10,"2017-01-19 02:36:17","2017-01-19 02:36:17"
328,244,10,"2017-01-19 02:36:17","2017-01-19 02:36:17"
329,245,10,"2017-01-19 02:36:17","2017-01-19 02:36:17"
330,246,10,"2017-01-19 02:36:18","2017-01-19 02:36:18"
331,247,10,"2017-01-19 02:36:18","2017-01-19 02:36:18"
332,248,10,"2017-01-19 02:36:18","2017-01-19 02:36:18"
333,249,10,"2017-01-19 02:36:18","2017-01-19 02:36:18"
334,250,10,"2017-01-19 02:36:18","2017-01-19 02:36:18"
335,251,10,"2017-01-19 02:36:18","2017-01-19 02:36:18"
336,252,10,"2017-01-19 02:36:18","2017-01-19 02:36:18"
337,253,10,"2017-01-19 02:36:18","2017-01-19 02:36:18"
338,254,10,"2017-01-19 02:36:18","2017-01-19 02:36:18"
339,255,10,"2017-01-19 02:36:18","2017-01-19 02:36:18"
340,256,10,"2017-01-19 02:36:18","2017-01-19 02:36:18"
341,257,10,"2017-01-19 02:36:18","2017-01-19 02:36:18"
342,258,10,"2017-01-19 02:36:18","2017-01-19 02:36:18"
343,259,10,"2017-01-19 02:36:18","2017-01-19 02:36:18"
344,260,10,"2017-01-19 02:36:18","2017-01-19 02:36:18"
345,261,10,"2017-01-19 02:36:18","2017-01-19 02:36:18"
346,262,10,"2017-01-19 02:36:18","2017-01-19 02:36:18"
347,263,10,"2017-01-19 02:36:18","2017-01-19 02:36:18"
348,264,10,"2017-01-19 02:36:18","2017-01-19 02:36:18"
349,265,10,"2017-01-19 02:36:18","2017-01-19 02:36:18"
350,266,10,"2017-01-19 02:36:18","2017-01-19 02:36:18"
351,267,10,"2017-01-19 02:36:18","2017-01-19 02:36:18"
352,268,10,"2017-01-19 02:36:18","2017-01-19 02:36:18"
353,269,10,"2017-01-19 02:36:18","2017-01-19 02:36:18"
354,270,10,"2017-01-19 02:36:18","2017-01-19 02:36:18"
355,271,10,"2017-01-19 02:36:18","2017-01-19 02:36:18"
356,272,10,"2017-01-19 02:36:18","2017-01-19 02:36:18"
357,273,10,"2017-01-19 02:36:18","2017-01-19 02:36:18"
358,274,10,"2017-01-19 02:36:18","2017-01-19 02:36:18"
359,275,10,"2017-01-19 02:36:18","2017-01-19 02:36:18"
360,276,10,"2017-01-19 02:36:18","2017-01-19 02:36:18"
361,277,10,"2017-01-19 02:36:18","2017-01-19 02:36:18"
362,278,10,"2017-01-19 02:36:19","2017-01-19 02:36:19"
363,279,10,"2017-01-19 02:36:19","2017-01-19 02:36:19"
364,280,10,"2017-01-19 02:36:19","2017-01-19 02:36:19"
365,281,10,"2017-01-19 02:36:19","2017-01-19 02:36:19"
366,282,10,"2017-01-19 02:36:19","2017-01-19 02:36:19"
367,283,10,"2017-01-19 02:36:19","2017-01-19 02:36:19"
368,284,10,"2017-01-19 02:36:19","2017-01-19 02:36:19"
369,285,10,"2017-01-19 02:36:19","2017-01-19 02:36:19"
370,286,10,"2017-01-19 02:36:19","2017-01-19 02:36:19"
371,287,10,"2017-01-19 02:36:19","2017-01-19 02:36:19"
372,288,10,"2017-01-19 02:36:19","2017-01-19 02:36:19"
373,289,10,"2017-01-19 02:36:19","2017-01-19 02:36:19"
374,290,10,"2017-01-19 02:36:19","2017-01-19 02:36:19"
375,291,10,"2017-01-19 02:36:19","2017-01-19 02:36:19"
376,292,10,"2017-01-19 02:36:19","2017-01-19 02:36:19"
377,293,10,"2017-01-19 02:36:19","2017-01-19 02:36:19"
378,294,10,"2017-01-19 02:36:19","2017-01-19 02:36:19"
379,295,10,"2017-01-19 02:36:19","2017-01-19 02:36:19"
380,296,10,"2017-01-19 02:36:19","2017-01-19 02:36:19"
381,297,10,"2017-01-19 02:36:19","2017-01-19 02:36:19"
382,298,10,"2017-01-19 02:36:19","2017-01-19 02:36:19"
383,299,10,"2017-01-19 02:36:19","2017-01-19 02:36:19"
384,300,10,"2017-01-19 02:36:19","2017-01-19 02:36:19"
385,301,10,"2017-01-19 02:36:19","2017-01-19 02:36:19"
386,302,10,"2017-01-19 02:36:19","2017-01-19 02:36:19"
387,303,10,"2017-01-19 02:36:19","2017-01-19 02:36:19"
388,304,10,"2017-01-19 02:36:19","2017-01-19 02:36:19"
389,305,10,"2017-01-19 02:36:19","2017-01-19 02:36:19"
390,306,10,"2017-01-19 02:36:19","2017-01-19 02:36:19"
391,307,10,"2017-01-19 02:36:19","2017-01-19 02:36:19"
392,308,10,"2017-01-19 02:36:19","2017-01-19 02:36:19"
393,309,10,"2017-01-19 02:36:19","2017-01-19 02:36:19"
394,310,10,"2017-01-19 02:36:19","2017-01-19 02:36:19"
395,311,10,"2017-01-19 02:36:19","2017-01-19 02:36:19"
396,312,10,"2017-01-19 02:36:19","2017-01-19 02:36:19"
397,313,10,"2017-01-19 02:36:19","2017-01-19 02:36:19"
398,314,10,"2017-01-19 02:36:19","2017-01-19 02:36:19"
399,315,10,"2017-01-19 02:36:19","2017-01-19 02:36:19"
400,316,10,"2017-01-19 02:36:19","2017-01-19 02:36:19"
401,317,10,"2017-01-19 02:36:19","2017-01-19 02:36:19"
402,318,10,"2017-01-19 02:36:19","2017-01-19 02:36:19"
403,319,10,"2017-01-19 02:36:19","2017-01-19 02:36:19"
404,320,10,"2017-01-19 02:36:19","2017-01-19 02:36:19"
405,321,10,"2017-01-19 02:36:19","2017-01-19 02:36:19"
406,322,10,"2017-01-19 02:36:20","2017-01-19 02:36:20"
407,323,10,"2017-01-19 02:36:20","2017-01-19 02:36:20"
408,324,10,"2017-01-19 02:36:20","2017-01-19 02:36:20"
409,325,10,"2017-01-19 02:36:20","2017-01-19 02:36:20"
410,326,10,"2017-01-19 02:36:20","2017-01-19 02:36:20"
411,327,10,"2017-01-19 02:36:20","2017-01-19 02:36:20"
412,328,10,"2017-01-19 02:36:20","2017-01-19 02:36:20"
413,329,10,"2017-01-19 02:36:20","2017-01-19 02:36:20"
414,330,10,"2017-01-19 02:36:20","2017-01-19 02:36:20"
415,331,10,"2017-01-19 02:36:20","2017-01-19 02:36:20"
416,332,10,"2017-01-19 02:36:20","2017-01-19 02:36:20"
417,333,10,"2017-01-19 02:36:20","2017-01-19 02:36:20"
418,334,10,"2017-01-19 02:36:20","2017-01-19 02:36:20"
419,335,10,"2017-01-19 02:36:20","2017-01-19 02:36:20"
420,336,10,"2017-01-19 02:36:20","2017-01-19 02:36:20"
421,337,10,"2017-01-19 02:36:20","2017-01-19 02:36:20"
422,338,10,"2017-01-19 02:36:20","2017-01-19 02:36:20"
423,339,10,"2017-01-19 02:36:20","2017-01-19 02:36:20"
424,340,10,"2017-01-19 02:36:20","2017-01-19 02:36:20"
425,341,10,"2017-01-19 02:36:20","2017-01-19 02:36:20"
426,342,10,"2017-01-19 02:36:20","2017-01-19 02:36:20"
427,343,10,"2017-01-19 02:36:20","2017-01-19 02:36:20"
428,344,10,"2017-01-19 02:36:20","2017-01-19 02:36:20"
429,345,10,"2017-01-19 02:36:20","2017-01-19 02:36:20"
430,346,10,"2017-01-19 02:36:20","2017-01-19 02:36:20"
431,347,10,"2017-01-19 02:36:20","2017-01-19 02:36:20"
432,348,10,"2017-01-19 02:36:20","2017-01-19 02:36:20"
433,349,10,"2017-01-19 02:36:20","2017-01-19 02:36:20"
434,350,10,"2017-01-19 02:36:20","2017-01-19 02:36:20"
435,351,10,"2017-01-19 02:36:20","2017-01-19 02:36:20"
436,352,10,"2017-01-19 02:36:20","2017-01-19 02:36:20"
437,353,10,"2017-01-19 02:36:20","2017-01-19 02:36:20"
438,354,10,"2017-01-19 02:36:20","2017-01-19 02:36:20"
439,355,10,"2017-01-19 02:36:20","2017-01-19 02:36:20"
440,356,10,"2017-01-19 02:36:20","2017-01-19 02:36:20"
441,357,10,"2017-01-19 02:36:20","2017-01-19 02:36:20"
442,358,10,"2017-01-19 02:36:20","2017-01-19 02:36:20"
443,359,10,"2017-01-19 02:36:20","2017-01-19 02:36:20"
444,360,10,"2017-01-19 02:36:20","2017-01-19 02:36:20"
445,361,10,"2017-01-19 02:36:20","2017-01-19 02:36:20"
446,362,10,"2017-01-19 02:36:20","2017-01-19 02:36:20"
447,363,10,"2017-01-19 02:36:21","2017-01-19 02:36:21"
448,364,10,"2017-01-19 02:36:21","2017-01-19 02:36:21"
449,365,10,"2017-01-19 02:36:21","2017-01-19 02:36:21"
450,366,10,"2017-01-19 02:36:21","2017-01-19 02:36:21"
451,367,10,"2017-01-19 02:36:21","2017-01-19 02:36:21"
452,368,10,"2017-01-19 02:36:21","2017-01-19 02:36:21"
453,369,10,"2017-01-19 02:36:21","2017-01-19 02:36:21"
454,370,10,"2017-01-19 02:36:21","2017-01-19 02:36:21"
455,371,10,"2017-01-19 02:36:21","2017-01-19 02:36:21"
456,372,10,"2017-01-19 02:36:21","2017-01-19 02:36:21"
457,373,10,"2017-01-19 02:36:21","2017-01-19 02:36:21"
458,374,10,"2017-01-19 02:36:21","2017-01-19 02:36:21"
459,375,10,"2017-01-19 02:36:21","2017-01-19 02:36:21"
460,376,10,"2017-01-19 02:36:21","2017-01-19 02:36:21"
461,377,10,"2017-01-19 02:36:21","2017-01-19 02:36:21"
462,378,10,"2017-01-19 02:36:21","2017-01-19 02:36:21"
463,379,10,"2017-01-19 02:36:21","2017-01-19 02:36:21"
464,380,10,"2017-01-19 02:36:21","2017-01-19 02:36:21"
465,381,10,"2017-01-19 02:36:21","2017-01-19 02:36:21"
466,382,10,"2017-01-19 02:36:21","2017-01-19 02:36:21"
467,383,10,"2017-01-19 02:36:21","2017-01-19 02:36:21"
468,384,10,"2017-01-19 02:36:21","2017-01-19 02:36:21"
469,385,10,"2017-01-19 02:36:21","2017-01-19 02:36:21"
470,386,10,"2017-01-19 02:36:21","2017-01-19 02:36:21"
471,387,10,"2017-01-19 02:36:21","2017-01-19 02:36:21"
472,388,10,"2017-01-19 02:36:21","2017-01-19 02:36:21"
473,389,10,"2017-01-19 02:36:21","2017-01-19 02:36:21"
474,390,10,"2017-01-19 02:36:21","2017-01-19 02:36:21"
475,391,10,"2017-01-19 02:36:22","2017-01-19 02:36:22"
476,392,10,"2017-01-19 02:36:22","2017-01-19 02:36:22"
477,393,10,"2017-01-19 02:36:22","2017-01-19 02:36:22"
478,394,10,"2017-01-19 02:36:22","2017-01-19 02:36:22"
479,395,10,"2017-01-19 02:36:22","2017-01-19 02:36:22"
480,396,10,"2017-01-19 02:36:22","2017-01-19 02:36:22"
481,397,10,"2017-01-19 02:36:22","2017-01-19 02:36:22"
482,398,10,"2017-01-19 02:36:22","2017-01-19 02:36:22"
483,399,10,"2017-01-19 02:36:22","2017-01-19 02:36:22"
484,400,10,"2017-01-19 02:36:22","2017-01-19 02:36:22"
485,401,10,"2017-01-19 02:36:22","2017-01-19 02:36:22"
486,402,10,"2017-01-19 02:36:22","2017-01-19 02:36:22"
487,403,10,"2017-01-19 02:36:22","2017-01-19 02:36:22"
488,404,10,"2017-01-19 02:36:22","2017-01-19 02:36:22"
489,405,10,"2017-01-19 02:36:22","2017-01-19 02:36:22"
490,406,10,"2017-01-19 02:36:22","2017-01-19 02:36:22"
491,407,10,"2017-01-19 02:36:22","2017-01-19 02:36:22"
492,408,10,"2017-01-19 02:36:22","2017-01-19 02:36:22"
493,409,10,"2017-01-19 02:36:22","2017-01-19 02:36:22"
494,410,10,"2017-01-19 02:36:22","2017-01-19 02:36:22"
495,411,10,"2017-01-19 02:36:22","2017-01-19 02:36:22"
496,412,10,"2017-01-19 02:36:22","2017-01-19 02:36:22"
497,413,10,"2017-01-19 02:36:22","2017-01-19 02:36:22"
498,414,10,"2017-01-19 02:36:22","2017-01-19 02:36:22"
499,415,10,"2017-01-19 02:36:22","2017-01-19 02:36:22"
500,416,10,"2017-01-19 02:36:22","2017-01-19 02:36:22"
501,417,10,"2017-01-19 02:36:22","2017-01-19 02:36:22"
502,418,10,"2017-01-19 02:36:22","2017-01-19 02:36:22"
503,419,10,"2017-01-19 02:36:22","2017-01-19 02:36:22"
504,420,10,"2017-01-19 02:36:22","2017-01-19 02:36:22"
505,421,10,"2017-01-19 02:36:22","2017-01-19 02:36:22"
506,422,10,"2017-01-19 02:36:23","2017-01-19 02:36:23"
507,423,10,"2017-01-19 02:36:23","2017-01-19 02:36:23"
508,424,10,"2017-01-19 02:36:23","2017-01-19 02:36:23"
509,425,10,"2017-01-19 02:36:23","2017-01-19 02:36:23"
510,426,10,"2017-01-19 02:36:23","2017-01-19 02:36:23"
511,427,10,"2017-01-19 02:36:23","2017-01-19 02:36:23"
512,428,10,"2017-01-19 02:36:23","2017-01-19 02:36:23"
513,429,10,"2017-01-19 02:36:23","2017-01-19 02:36:23"
514,430,10,"2017-01-19 02:36:23","2017-01-19 02:36:23"
515,431,10,"2017-01-19 02:36:23","2017-01-19 02:36:23"
516,432,10,"2017-01-19 02:36:23","2017-01-19 02:36:23"
517,433,10,"2017-01-19 02:36:23","2017-01-19 02:36:23"
518,434,10,"2017-01-19 02:36:23","2017-01-19 02:36:23"
519,435,10,"2017-01-19 02:36:23","2017-01-19 02:36:23"
520,436,10,"2017-01-19 02:36:23","2017-01-19 02:36:23"
521,437,10,"2017-01-19 02:36:24","2017-01-19 02:36:24"
522,438,10,"2017-01-19 02:36:24","2017-01-19 02:36:24"
523,439,10,"2017-01-19 02:36:24","2017-01-19 02:36:24"
524,440,10,"2017-01-19 02:36:24","2017-01-19 02:36:24"
525,441,10,"2017-01-19 02:36:24","2017-01-19 02:36:24"
526,442,10,"2017-01-19 02:36:24","2017-01-19 02:36:24"
527,443,10,"2017-01-19 02:36:24","2017-01-19 02:36:24"
528,444,10,"2017-01-19 02:36:24","2017-01-19 02:36:24"
529,445,10,"2017-01-19 02:36:24","2017-01-19 02:36:24"
530,446,10,"2017-01-19 02:36:24","2017-01-19 02:36:24"
531,447,10,"2017-01-19 02:36:24","2017-01-19 02:36:24"
532,448,10,"2017-01-19 02:36:24","2017-01-19 02:36:24"
533,449,10,"2017-01-19 02:36:24","2017-01-19 02:36:24"
534,450,10,"2017-01-19 02:36:24","2017-01-19 02:36:24"
535,451,10,"2017-01-19 02:36:24","2017-01-19 02:36:24"
536,452,10,"2017-01-19 02:36:24","2017-01-19 02:36:24"
537,453,10,"2017-01-19 02:36:24","2017-01-19 02:36:24"
538,454,10,"2017-01-19 02:36:24","2017-01-19 02:36:24"
539,455,10,"2017-01-19 02:36:24","2017-01-19 02:36:24"
540,456,10,"2017-01-19 02:36:24","2017-01-19 02:36:24"
541,457,10,"2017-01-19 02:36:24","2017-01-19 02:36:24"
542,458,10,"2017-01-19 02:36:24","2017-01-19 02:36:24"
543,459,10,"2017-01-19 02:36:24","2017-01-19 02:36:24"
544,460,10,"2017-01-19 02:36:24","2017-01-19 02:36:24"
545,461,10,"2017-01-19 02:36:25","2017-01-19 02:36:25"
546,462,10,"2017-01-19 02:36:25","2017-01-19 02:36:25"
547,463,10,"2017-01-19 02:36:25","2017-01-19 02:36:25"
548,464,10,"2017-01-19 02:36:25","2017-01-19 02:36:25"
549,465,10,"2017-01-19 02:36:25","2017-01-19 02:36:25"
550,466,10,"2017-01-19 02:36:25","2017-01-19 02:36:25"
551,467,10,"2017-01-19 02:36:25","2017-01-19 02:36:25"
552,468,10,"2017-01-19 02:36:25","2017-01-19 02:36:25"
553,469,10,"2017-01-19 02:36:25","2017-01-19 02:36:25"
554,470,10,"2017-01-19 02:36:25","2017-01-19 02:36:25"
555,471,10,"2017-01-19 02:36:25","2017-01-19 02:36:25"
556,472,10,"2017-01-19 02:36:25","2017-01-19 02:36:25"
557,473,10,"2017-01-19 02:36:25","2017-01-19 02:36:25"
558,474,10,"2017-01-19 02:36:25","2017-01-19 02:36:25"
559,475,10,"2017-01-19 02:36:25","2017-01-19 02:36:25"
560,476,10,"2017-01-19 02:36:25","2017-01-19 02:36:25"
561,477,10,"2017-01-19 02:36:25","2017-01-19 02:36:25"
562,478,10,"2017-01-19 02:36:25","2017-01-19 02:36:25"
563,479,10,"2017-01-19 02:36:25","2017-01-19 02:36:25"
564,480,10,"2017-01-19 02:36:25","2017-01-19 02:36:25"
565,481,10,"2017-01-19 02:36:25","2017-01-19 02:36:25"
566,482,10,"2017-01-19 02:36:25","2017-01-19 02:36:25"
567,483,10,"2017-01-19 02:36:25","2017-01-19 02:36:25"
568,484,10,"2017-01-19 02:36:25","2017-01-19 02:36:25"
569,485,10,"2017-01-19 02:36:25","2017-01-19 02:36:25"
570,486,10,"2017-01-19 02:36:25","2017-01-19 02:36:25"
571,487,10,"2017-01-19 02:36:25","2017-01-19 02:36:25"
572,488,10,"2017-01-19 02:36:25","2017-01-19 02:36:25"
573,489,10,"2017-01-19 02:36:25","2017-01-19 02:36:25"
574,490,10,"2017-01-19 02:36:25","2017-01-19 02:36:25"
575,491,10,"2017-01-19 02:36:25","2017-01-19 02:36:25"
576,492,10,"2017-01-19 02:36:25","2017-01-19 02:36:25"
577,493,10,"2017-01-19 02:36:26","2017-01-19 02:36:26"
578,494,10,"2017-01-19 02:36:26","2017-01-19 02:36:26"
579,495,10,"2017-01-19 02:36:26","2017-01-19 02:36:26"
580,496,10,"2017-01-19 02:36:26","2017-01-19 02:36:26"
581,497,10,"2017-01-19 02:36:26","2017-01-19 02:36:26"
582,498,10,"2017-01-19 02:36:26","2017-01-19 02:36:26"
583,499,10,"2017-01-19 02:36:26","2017-01-19 02:36:26"
584,500,10,"2017-01-19 02:36:26","2017-01-19 02:36:26"
585,501,10,"2017-01-19 02:36:26","2017-01-19 02:36:26"
586,502,10,"2017-01-19 02:36:26","2017-01-19 02:36:26"
587,503,10,"2017-01-19 02:36:26","2017-01-19 02:36:26"
588,504,10,"2017-01-19 02:36:26","2017-01-19 02:36:26"
589,505,10,"2017-01-19 02:36:26","2017-01-19 02:36:26"
590,506,10,"2017-01-19 02:36:26","2017-01-19 02:36:26"
591,507,10,"2017-01-19 02:36:26","2017-01-19 02:36:26"
592,508,10,"2017-01-19 02:36:26","2017-01-19 02:36:26"
593,509,10,"2017-01-19 02:36:26","2017-01-19 02:36:26"
594,510,10,"2017-01-19 02:36:26","2017-01-19 02:36:26"
595,511,10,"2017-01-19 02:36:26","2017-01-19 02:36:26"
596,512,10,"2017-01-19 02:36:26","2017-01-19 02:36:26"
597,513,10,"2017-01-19 02:36:26","2017-01-19 02:36:26"
598,514,10,"2017-01-19 02:36:26","2017-01-19 02:36:26"
599,515,10,"2017-01-19 02:36:26","2017-01-19 02:36:26"
600,516,10,"2017-01-19 02:36:26","2017-01-19 02:36:26"
601,517,10,"2017-01-19 02:36:26","2017-01-19 02:36:26"
602,518,10,"2017-01-19 02:36:26","2017-01-19 02:36:26"
603,519,10,"2017-01-19 02:36:26","2017-01-19 02:36:26"
604,520,10,"2017-01-19 02:36:26","2017-01-19 02:36:26"
605,521,10,"2017-01-19 02:36:26","2017-01-19 02:36:26"
606,522,10,"2017-01-19 02:36:26","2017-01-19 02:36:26"
607,523,10,"2017-01-19 02:36:26","2017-01-19 02:36:26"
608,524,10,"2017-01-19 02:36:26","2017-01-19 02:36:26"
609,525,10,"2017-01-19 02:36:27","2017-01-19 02:36:27"
610,526,10,"2017-01-19 02:36:27","2017-01-19 02:36:27"
611,527,10,"2017-01-19 02:36:27","2017-01-19 02:36:27"
612,528,10,"2017-01-19 02:36:27","2017-01-19 02:36:27"
613,529,10,"2017-01-19 02:36:27","2017-01-19 02:36:27"
614,530,10,"2017-01-19 02:36:27","2017-01-19 02:36:27"
615,531,10,"2017-01-19 02:36:27","2017-01-19 02:36:27"
616,532,10,"2017-01-19 02:36:27","2017-01-19 02:36:27"
617,533,10,"2017-01-19 02:36:27","2017-01-19 02:36:27"
618,534,10,"2017-01-19 02:36:27","2017-01-19 02:36:27"
619,535,10,"2017-01-19 02:36:27","2017-01-19 02:36:27"
620,536,10,"2017-01-19 02:36:27","2017-01-19 02:36:27"
621,537,10,"2017-01-19 02:36:27","2017-01-19 02:36:27"
622,538,10,"2017-01-19 02:36:27","2017-01-19 02:36:27"
623,539,10,"2017-01-19 02:36:27","2017-01-19 02:36:27"
624,540,10,"2017-01-19 02:36:27","2017-01-19 02:36:27"
625,541,10,"2017-01-19 02:36:27","2017-01-19 02:36:27"
626,542,10,"2017-01-19 02:36:27","2017-01-19 02:36:27"
627,543,10,"2017-01-19 02:36:27","2017-01-19 02:36:27"
628,544,10,"2017-01-19 02:36:27","2017-01-19 02:36:27"
629,545,10,"2017-01-19 02:36:27","2017-01-19 02:36:27"
630,546,10,"2017-01-19 02:36:27","2017-01-19 02:36:27"
631,547,10,"2017-01-19 02:36:27","2017-01-19 02:36:27"
632,548,10,"2017-01-19 02:36:27","2017-01-19 02:36:27"
633,549,10,"2017-01-19 02:36:27","2017-01-19 02:36:27"
634,550,10,"2017-01-19 02:36:27","2017-01-19 02:36:27"
635,551,10,"2017-01-19 02:36:27","2017-01-19 02:36:27"
636,552,10,"2017-01-19 02:36:27","2017-01-19 02:36:27"
637,553,10,"2017-01-19 02:36:27","2017-01-19 02:36:27"
638,554,10,"2017-01-19 02:36:27","2017-01-19 02:36:27"
639,555,10,"2017-01-19 02:36:27","2017-01-19 02:36:27"
640,556,10,"2017-01-19 02:36:28","2017-01-19 02:36:28"
641,557,10,"2017-01-19 02:36:28","2017-01-19 02:36:28"
642,558,10,"2017-01-19 02:36:28","2017-01-19 02:36:28"
643,559,10,"2017-01-19 02:36:28","2017-01-19 02:36:28"
644,560,10,"2017-01-19 02:36:28","2017-01-19 02:36:28"
645,561,10,"2017-01-19 02:36:28","2017-01-19 02:36:28"
646,562,10,"2017-01-19 02:36:28","2017-01-19 02:36:28"
647,563,10,"2017-01-19 02:36:28","2017-01-19 02:36:28"
648,564,10,"2017-01-19 02:36:28","2017-01-19 02:36:28"
649,565,10,"2017-01-19 02:36:28","2017-01-19 02:36:28"
650,566,10,"2017-01-19 02:36:28","2017-01-19 02:36:28"
651,567,10,"2017-01-19 02:36:28","2017-01-19 02:36:28"
652,568,10,"2017-01-19 02:36:28","2017-01-19 02:36:28"
653,569,10,"2017-01-19 02:36:28","2017-01-19 02:36:28"
654,570,10,"2017-01-19 02:36:28","2017-01-19 02:36:28"
655,571,10,"2017-01-19 02:36:28","2017-01-19 02:36:28"
656,572,10,"2017-01-19 02:36:28","2017-01-19 02:36:28"
657,573,10,"2017-01-19 02:36:28","2017-01-19 02:36:28"
658,574,10,"2017-01-19 02:36:28","2017-01-19 02:36:28"
659,575,10,"2017-01-19 02:36:28","2017-01-19 02:36:28"
660,576,10,"2017-01-19 02:36:28","2017-01-19 02:36:28"
661,577,10,"2017-01-19 02:36:28","2017-01-19 02:36:28"
662,578,10,"2017-01-19 02:36:28","2017-01-19 02:36:28"
663,579,10,"2017-01-19 02:36:28","2017-01-19 02:36:28"
664,580,10,"2017-01-19 02:36:28","2017-01-19 02:36:28"
665,581,10,"2017-01-19 02:36:28","2017-01-19 02:36:28"
666,582,10,"2017-01-19 02:36:28","2017-01-19 02:36:28"
667,583,10,"2017-01-19 02:36:28","2017-01-19 02:36:28"
668,584,10,"2017-01-19 02:36:28","2017-01-19 02:36:28"
669,585,10,"2017-01-19 02:36:29","2017-01-19 02:36:29"
670,586,10,"2017-01-19 02:36:29","2017-01-19 02:36:29"
671,587,10,"2017-01-19 02:36:29","2017-01-19 02:36:29"
672,588,10,"2017-01-19 02:36:29","2017-01-19 02:36:29"
673,589,10,"2017-01-19 02:36:29","2017-01-19 02:36:29"
674,590,10,"2017-01-19 02:36:29","2017-01-19 02:36:29"
675,591,10,"2017-01-19 02:36:29","2017-01-19 02:36:29"
676,592,10,"2017-01-19 02:36:29","2017-01-19 02:36:29"
677,593,10,"2017-01-19 02:36:29","2017-01-19 02:36:29"
678,594,10,"2017-01-19 02:36:29","2017-01-19 02:36:29"
679,595,10,"2017-01-19 02:36:29","2017-01-19 02:36:29"
680,596,10,"2017-01-19 02:36:29","2017-01-19 02:36:29"
681,597,10,"2017-01-19 02:36:29","2017-01-19 02:36:29"
682,598,10,"2017-01-19 02:36:29","2017-01-19 02:36:29"
683,599,10,"2017-01-19 02:36:29","2017-01-19 02:36:29"
684,600,10,"2017-01-19 02:36:29","2017-01-19 02:36:29"
685,601,10,"2017-01-19 02:36:29","2017-01-19 02:36:29"
686,602,10,"2017-01-19 02:36:30","2017-01-19 02:36:30"
687,603,10,"2017-01-19 02:36:30","2017-01-19 02:36:30"
688,604,10,"2017-01-19 02:36:30","2017-01-19 02:36:30"
689,605,10,"2017-01-19 02:36:30","2017-01-19 02:36:30"
690,606,10,"2017-01-19 02:36:30","2017-01-19 02:36:30"
691,607,10,"2017-01-19 02:36:30","2017-01-19 02:36:30"
692,608,10,"2017-01-19 02:36:30","2017-01-19 02:36:30"
693,609,10,"2017-01-19 02:36:30","2017-01-19 02:36:30"
694,610,10,"2017-01-19 02:36:30","2017-01-19 02:36:30"
695,611,10,"2017-01-19 02:36:30","2017-01-19 02:36:30"
696,612,10,"2017-01-19 02:36:30","2017-01-19 02:36:30"
697,613,10,"2017-01-19 02:36:30","2017-01-19 02:36:30"
698,614,10,"2017-01-19 02:36:30","2017-01-19 02:36:30"
699,615,10,"2017-01-19 02:36:30","2017-01-19 02:36:30"
700,616,10,"2017-01-19 02:36:30","2017-01-19 02:36:30"
701,617,10,"2017-01-19 02:36:30","2017-01-19 02:36:30"
702,618,10,"2017-01-19 02:36:30","2017-01-19 02:36:30"
703,619,10,"2017-01-19 02:36:30","2017-01-19 02:36:30"
704,620,10,"2017-01-19 02:36:30","2017-01-19 02:36:30"
705,621,10,"2017-01-19 02:36:30","2017-01-19 02:36:30"
706,622,10,"2017-01-19 02:36:30","2017-01-19 02:36:30"
707,623,10,"2017-01-19 02:36:30","2017-01-19 02:36:30"
708,624,10,"2017-01-19 02:36:30","2017-01-19 02:36:30"
709,625,10,"2017-01-19 02:36:30","2017-01-19 02:36:30"
710,626,10,"2017-01-19 02:36:30","2017-01-19 02:36:30"
711,627,10,"2017-01-19 02:36:30","2017-01-19 02:36:30"
712,628,10,"2017-01-19 02:36:30","2017-01-19 02:36:30"
713,629,10,"2017-01-19 02:36:30","2017-01-19 02:36:30"
714,630,10,"2017-01-19 02:36:30","2017-01-19 02:36:30"
715,631,10,"2017-01-19 02:36:30","2017-01-19 02:36:30"
716,632,10,"2017-01-19 02:36:30","2017-01-19 02:36:30"
717,633,10,"2017-01-19 02:36:30","2017-01-19 02:36:30"
718,634,10,"2017-01-19 02:36:31","2017-01-19 02:36:31"
719,635,10,"2017-01-19 02:36:31","2017-01-19 02:36:31"
720,636,10,"2017-01-19 02:36:31","2017-01-19 02:36:31"
721,637,10,"2017-01-19 02:36:31","2017-01-19 02:36:31"
722,638,10,"2017-01-19 02:36:31","2017-01-19 02:36:31"
723,639,10,"2017-01-19 02:36:31","2017-01-19 02:36:31"
724,640,10,"2017-01-19 02:36:31","2017-01-19 02:36:31"
725,641,10,"2017-01-19 02:36:31","2017-01-19 02:36:31"
726,642,10,"2017-01-19 02:36:31","2017-01-19 02:36:31"
727,643,10,"2017-01-19 02:36:31","2017-01-19 02:36:31"
728,644,10,"2017-01-19 02:36:31","2017-01-19 02:36:31"
729,645,10,"2017-01-19 02:36:31","2017-01-19 02:36:31"
730,646,10,"2017-01-19 02:36:31","2017-01-19 02:36:31"
731,647,10,"2017-01-19 02:36:31","2017-01-19 02:36:31"
732,648,10,"2017-01-19 02:36:31","2017-01-19 02:36:31"
733,649,10,"2017-01-19 02:36:31","2017-01-19 02:36:31"
734,650,10,"2017-01-19 02:36:31","2017-01-19 02:36:31"
735,651,10,"2017-01-19 02:36:31","2017-01-19 02:36:31"
736,652,10,"2017-01-19 02:36:31","2017-01-19 02:36:31"
737,653,10,"2017-01-19 02:36:31","2017-01-19 02:36:31"
738,654,10,"2017-01-19 02:36:31","2017-01-19 02:36:31"
739,655,10,"2017-01-19 02:36:31","2017-01-19 02:36:31"
740,656,10,"2017-01-19 02:36:32","2017-01-19 02:36:32"
741,657,10,"2017-01-19 02:36:32","2017-01-19 02:36:32"
742,658,10,"2017-01-19 02:36:32","2017-01-19 02:36:32"
743,659,10,"2017-01-19 02:36:32","2017-01-19 02:36:32"
744,660,10,"2017-01-19 02:36:32","2017-01-19 02:36:32"
745,661,10,"2017-01-19 02:36:32","2017-01-19 02:36:32"
746,662,10,"2017-01-19 02:36:32","2017-01-19 02:36:32"
747,663,10,"2017-01-19 02:36:32","2017-01-19 02:36:32"
748,664,10,"2017-01-19 02:36:32","2017-01-19 02:36:32"
749,665,10,"2017-01-19 02:36:32","2017-01-19 02:36:32"
750,666,10,"2017-01-19 02:36:32","2017-01-19 02:36:32"
751,667,10,"2017-01-19 02:36:32","2017-01-19 02:36:32"
752,668,10,"2017-01-19 02:36:32","2017-01-19 02:36:32"
753,669,10,"2017-01-19 02:36:32","2017-01-19 02:36:32"
754,670,10,"2017-01-19 02:36:32","2017-01-19 02:36:32"
755,671,10,"2017-01-19 02:36:32","2017-01-19 02:36:32"
756,672,10,"2017-01-19 02:36:32","2017-01-19 02:36:32"
757,673,10,"2017-01-19 02:36:32","2017-01-19 02:36:32"
758,674,10,"2017-01-19 02:36:32","2017-01-19 02:36:32"
759,675,10,"2017-01-19 02:36:32","2017-01-19 02:36:32"
760,676,10,"2017-01-19 02:36:32","2017-01-19 02:36:32"
761,677,10,"2017-01-19 02:36:32","2017-01-19 02:36:32"
762,678,10,"2017-01-19 02:36:32","2017-01-19 02:36:32"
763,679,10,"2017-01-19 02:36:32","2017-01-19 02:36:32"
764,680,10,"2017-01-19 02:36:32","2017-01-19 02:36:32"
765,681,10,"2017-01-19 02:36:32","2017-01-19 02:36:32"
766,682,10,"2017-01-19 02:36:32","2017-01-19 02:36:32"
767,683,10,"2017-01-19 02:36:32","2017-01-19 02:36:32"
768,684,10,"2017-01-19 02:36:32","2017-01-19 02:36:32"
769,685,10,"2017-01-19 02:36:32","2017-01-19 02:36:32"
770,686,10,"2017-01-19 02:36:32","2017-01-19 02:36:32"
771,687,10,"2017-01-19 02:36:32","2017-01-19 02:36:32"
772,688,10,"2017-01-19 02:36:33","2017-01-19 02:36:33"
773,689,10,"2017-01-19 02:36:33","2017-01-19 02:36:33"
774,690,10,"2017-01-19 02:36:33","2017-01-19 02:36:33"
775,691,10,"2017-01-19 02:36:33","2017-01-19 02:36:33"
776,692,10,"2017-01-19 02:36:33","2017-01-19 02:36:33"
777,693,10,"2017-01-19 02:36:33","2017-01-19 02:36:33"
778,694,10,"2017-01-19 02:36:33","2017-01-19 02:36:33"
779,695,10,"2017-01-19 02:36:33","2017-01-19 02:36:33"
780,696,10,"2017-01-19 02:36:33","2017-01-19 02:36:33"
781,697,10,"2017-01-19 02:36:33","2017-01-19 02:36:33"
782,698,10,"2017-01-19 02:36:33","2017-01-19 02:36:33"
783,699,10,"2017-01-19 02:36:33","2017-01-19 02:36:33"
784,700,10,"2017-01-19 02:36:33","2017-01-19 02:36:33"
785,701,10,"2017-01-19 02:36:33","2017-01-19 02:36:33"
786,702,10,"2017-01-19 02:36:33","2017-01-19 02:36:33"
787,703,10,"2017-01-19 02:36:33","2017-01-19 02:36:33"
788,704,10,"2017-01-19 02:36:33","2017-01-19 02:36:33"
789,705,10,"2017-01-19 02:36:33","2017-01-19 02:36:33"
790,706,10,"2017-01-19 02:36:33","2017-01-19 02:36:33"
791,707,10,"2017-01-19 02:36:33","2017-01-19 02:36:33"
792,708,10,"2017-01-19 02:36:33","2017-01-19 02:36:33"
793,709,10,"2017-01-19 02:36:33","2017-01-19 02:36:33"
794,710,10,"2017-01-19 02:36:33","2017-01-19 02:36:33"
795,711,10,"2017-01-19 02:36:33","2017-01-19 02:36:33"
796,712,10,"2017-01-19 02:36:33","2017-01-19 02:36:33"
797,713,10,"2017-01-19 02:36:33","2017-01-19 02:36:33"
798,714,10,"2017-01-19 02:36:33","2017-01-19 02:36:33"
799,715,10,"2017-01-19 02:36:33","2017-01-19 02:36:33"
800,716,10,"2017-01-19 02:36:33","2017-01-19 02:36:33"
801,717,10,"2017-01-19 02:36:33","2017-01-19 02:36:33"
802,718,10,"2017-01-19 02:36:34","2017-01-19 02:36:34"
803,719,10,"2017-01-19 02:36:34","2017-01-19 02:36:34"
804,720,10,"2017-01-19 02:36:34","2017-01-19 02:36:34"
805,721,10,"2017-01-19 02:36:34","2017-01-19 02:36:34"
806,722,10,"2017-01-19 02:36:34","2017-01-19 02:36:34"
807,723,10,"2017-01-19 02:36:34","2017-01-19 02:36:34"
808,724,10,"2017-01-19 02:36:34","2017-01-19 02:36:34"
809,725,10,"2017-01-19 02:36:34","2017-01-19 02:36:34"
810,726,10,"2017-01-19 02:36:34","2017-01-19 02:36:34"
811,727,10,"2017-01-19 02:36:34","2017-01-19 02:36:34"
812,728,10,"2017-01-19 02:36:34","2017-01-19 02:36:34"
813,729,10,"2017-01-19 02:36:34","2017-01-19 02:36:34"
814,730,10,"2017-01-19 02:36:34","2017-01-19 02:36:34"
815,731,10,"2017-01-19 02:36:34","2017-01-19 02:36:34"
816,732,10,"2017-01-19 02:36:34","2017-01-19 02:36:34"
817,733,10,"2017-01-19 02:36:34","2017-01-19 02:36:34"
818,734,10,"2017-01-19 02:36:34","2017-01-19 02:36:34"
819,735,10,"2017-01-19 02:36:34","2017-01-19 02:36:34"
820,736,10,"2017-01-19 02:36:34","2017-01-19 02:36:34"
821,737,10,"2017-01-19 02:36:34","2017-01-19 02:36:34"
822,738,10,"2017-01-19 02:36:34","2017-01-19 02:36:34"
823,739,10,"2017-01-19 02:36:34","2017-01-19 02:36:34"
824,740,10,"2017-01-19 02:36:34","2017-01-19 02:36:34"
825,741,10,"2017-01-19 02:36:34","2017-01-19 02:36:34"
826,742,10,"2017-01-19 02:36:34","2017-01-19 02:36:34"
827,743,10,"2017-01-19 02:36:34","2017-01-19 02:36:34"
828,744,10,"2017-01-19 02:36:34","2017-01-19 02:36:34"
829,745,10,"2017-01-19 02:36:34","2017-01-19 02:36:34"
830,746,10,"2017-01-19 02:36:34","2017-01-19 02:36:34"
831,747,10,"2017-01-19 02:36:34","2017-01-19 02:36:34"
832,748,10,"2017-01-19 02:36:35","2017-01-19 02:36:35"
833,749,10,"2017-01-19 02:36:35","2017-01-19 02:36:35"
834,750,10,"2017-01-19 02:36:35","2017-01-19 02:36:35"
835,751,10,"2017-01-19 02:36:35","2017-01-19 02:36:35"
836,752,10,"2017-01-19 02:36:35","2017-01-19 02:36:35"
837,753,10,"2017-01-19 02:36:35","2017-01-19 02:36:35"
838,754,10,"2017-01-19 02:36:35","2017-01-19 02:36:35"
839,755,10,"2017-01-19 02:36:35","2017-01-19 02:36:35"
840,756,10,"2017-01-19 02:36:35","2017-01-19 02:36:35"
841,757,10,"2017-01-19 02:36:35","2017-01-19 02:36:35"
842,758,10,"2017-01-19 02:36:35","2017-01-19 02:36:35"
843,759,10,"2017-01-19 02:36:35","2017-01-19 02:36:35"
844,760,10,"2017-01-19 02:36:35","2017-01-19 02:36:35"
845,761,10,"2017-01-19 02:36:35","2017-01-19 02:36:35"
846,762,10,"2017-01-19 02:36:35","2017-01-19 02:36:35"
847,763,10,"2017-01-19 02:36:35","2017-01-19 02:36:35"
848,764,10,"2017-01-19 02:36:35","2017-01-19 02:36:35"
849,765,10,"2017-01-19 02:36:35","2017-01-19 02:36:35"
850,766,10,"2017-01-19 02:36:35","2017-01-19 02:36:35"
851,767,10,"2017-01-19 02:36:35","2017-01-19 02:36:35"
852,768,10,"2017-01-19 02:36:35","2017-01-19 02:36:35"
853,769,10,"2017-01-19 02:36:35","2017-01-19 02:36:35"
854,770,10,"2017-01-19 02:36:35","2017-01-19 02:36:35"
855,771,10,"2017-01-19 02:36:35","2017-01-19 02:36:35"
856,772,10,"2017-01-19 02:36:35","2017-01-19 02:36:35"
857,773,10,"2017-01-19 02:36:35","2017-01-19 02:36:35"
858,774,10,"2017-01-19 02:36:35","2017-01-19 02:36:35"
859,775,10,"2017-01-19 02:36:35","2017-01-19 02:36:35"
860,776,10,"2017-01-19 02:36:36","2017-01-19 02:36:36"
861,777,10,"2017-01-19 02:36:36","2017-01-19 02:36:36"
862,778,10,"2017-01-19 02:36:36","2017-01-19 02:36:36"
863,779,10,"2017-01-19 02:36:36","2017-01-19 02:36:36"
864,780,10,"2017-01-19 02:36:36","2017-01-19 02:36:36"
865,781,10,"2017-01-19 02:36:36","2017-01-19 02:36:36"
866,782,10,"2017-01-19 02:36:36","2017-01-19 02:36:36"
867,783,10,"2017-01-19 02:36:36","2017-01-19 02:36:36"
868,784,10,"2017-01-19 02:36:36","2017-01-19 02:36:36"
869,785,10,"2017-01-19 02:36:36","2017-01-19 02:36:36"
870,786,10,"2017-01-19 02:36:36","2017-01-19 02:36:36"
871,787,10,"2017-01-19 02:36:36","2017-01-19 02:36:36"
872,788,10,"2017-01-19 02:36:36","2017-01-19 02:36:36"
873,789,10,"2017-01-19 02:36:36","2017-01-19 02:36:36"
874,790,10,"2017-01-19 02:36:36","2017-01-19 02:36:36"
875,791,10,"2017-01-19 02:36:36","2017-01-19 02:36:36"
876,792,10,"2017-01-19 02:36:36","2017-01-19 02:36:36"
877,793,10,"2017-01-19 02:36:36","2017-01-19 02:36:36"
878,794,10,"2017-01-19 02:36:36","2017-01-19 02:36:36"
879,795,10,"2017-01-19 02:36:36","2017-01-19 02:36:36"
880,796,10,"2017-01-19 02:36:36","2017-01-19 02:36:36"
881,797,10,"2017-01-19 02:36:36","2017-01-19 02:36:36"
882,798,10,"2017-01-19 02:36:36","2017-01-19 02:36:36"
883,799,10,"2017-01-19 02:36:36","2017-01-19 02:36:36"
884,800,10,"2017-01-19 02:36:36","2017-01-19 02:36:36"
885,801,10,"2017-01-19 02:36:36","2017-01-19 02:36:36"
886,802,10,"2017-01-19 02:36:36","2017-01-19 02:36:36"
887,803,10,"2017-01-19 02:36:36","2017-01-19 02:36:36"
888,804,10,"2017-01-19 02:36:37","2017-01-19 02:36:37"
889,805,10,"2017-01-19 02:36:37","2017-01-19 02:36:37"
890,806,10,"2017-01-19 02:36:37","2017-01-19 02:36:37"
891,807,10,"2017-01-19 02:36:37","2017-01-19 02:36:37"
892,808,10,"2017-01-19 02:36:37","2017-01-19 02:36:37"
893,809,10,"2017-01-19 02:36:37","2017-01-19 02:36:37"
894,810,10,"2017-01-19 02:36:37","2017-01-19 02:36:37"
895,811,10,"2017-01-19 02:36:37","2017-01-19 02:36:37"
896,812,10,"2017-01-19 02:36:37","2017-01-19 02:36:37"
897,813,10,"2017-01-19 02:36:37","2017-01-19 02:36:37"
898,814,10,"2017-01-19 02:36:37","2017-01-19 02:36:37"
899,815,10,"2017-01-19 02:36:37","2017-01-19 02:36:37"
900,816,10,"2017-01-19 02:36:37","2017-01-19 02:36:37"
901,817,10,"2017-01-19 02:36:37","2017-01-19 02:36:37"
902,818,10,"2017-01-19 02:36:37","2017-01-19 02:36:37"
903,819,10,"2017-01-19 02:36:37","2017-01-19 02:36:37"
904,820,10,"2017-01-19 02:36:37","2017-01-19 02:36:37"
905,821,10,"2017-01-19 02:36:37","2017-01-19 02:36:37"
906,822,10,"2017-01-19 02:36:37","2017-01-19 02:36:37"
907,823,10,"2017-01-19 02:36:37","2017-01-19 02:36:37"
908,824,10,"2017-01-19 02:36:37","2017-01-19 02:36:37"
909,825,10,"2017-01-19 02:36:37","2017-01-19 02:36:37"
910,826,10,"2017-01-19 02:36:37","2017-01-19 02:36:37"
911,827,10,"2017-01-19 02:36:37","2017-01-19 02:36:37"
912,828,10,"2017-01-19 02:36:37","2017-01-19 02:36:37"
913,829,10,"2017-01-19 02:36:37","2017-01-19 02:36:37"
914,830,10,"2017-01-19 02:36:37","2017-01-19 02:36:37"
915,831,10,"2017-01-19 02:36:37","2017-01-19 02:36:37"
916,832,10,"2017-01-19 02:36:38","2017-01-19 02:36:38"
917,833,10,"2017-01-19 02:36:38","2017-01-19 02:36:38"
918,834,10,"2017-01-19 02:36:38","2017-01-19 02:36:38"
919,835,10,"2017-01-19 02:36:38","2017-01-19 02:36:38"
920,836,10,"2017-01-19 02:36:38","2017-01-19 02:36:38"
921,837,10,"2017-01-19 02:36:38","2017-01-19 02:36:38"
922,838,10,"2017-01-19 02:36:38","2017-01-19 02:36:38"
923,839,10,"2017-01-19 02:36:38","2017-01-19 02:36:38"
924,840,10,"2017-01-19 02:36:38","2017-01-19 02:36:38"
925,841,10,"2017-01-19 02:36:38","2017-01-19 02:36:38"
926,842,10,"2017-01-19 02:36:38","2017-01-19 02:36:38"
927,843,10,"2017-01-19 02:36:38","2017-01-19 02:36:38"
928,844,10,"2017-01-19 02:36:38","2017-01-19 02:36:38"
929,845,10,"2017-01-19 02:36:38","2017-01-19 02:36:38"
930,846,10,"2017-01-19 02:36:38","2017-01-19 02:36:38"
931,847,10,"2017-01-19 02:36:38","2017-01-19 02:36:38"
932,848,10,"2017-01-19 02:36:39","2017-01-19 02:36:39"
933,849,10,"2017-01-19 02:36:39","2017-01-19 02:36:39"
934,850,10,"2017-01-19 02:36:39","2017-01-19 02:36:39"
935,851,10,"2017-01-19 02:36:39","2017-01-19 02:36:39"
936,852,10,"2017-01-19 02:36:39","2017-01-19 02:36:39"
937,853,10,"2017-01-19 02:36:39","2017-01-19 02:36:39"
938,854,10,"2017-01-19 02:36:39","2017-01-19 02:36:39"
939,855,10,"2017-01-19 02:36:39","2017-01-19 02:36:39"
940,856,10,"2017-01-19 02:36:39","2017-01-19 02:36:39"
941,857,10,"2017-01-19 02:36:39","2017-01-19 02:36:39"
942,858,10,"2017-01-19 02:36:39","2017-01-19 02:36:39"
943,859,10,"2017-01-19 02:36:39","2017-01-19 02:36:39"
944,860,10,"2017-01-19 02:36:39","2017-01-19 02:36:39"
945,861,10,"2017-01-19 02:36:39","2017-01-19 02:36:39"
946,862,10,"2017-01-19 02:36:39","2017-01-19 02:36:39"
947,863,10,"2017-01-19 02:36:39","2017-01-19 02:36:39"
948,864,10,"2017-01-19 02:36:39","2017-01-19 02:36:39"
949,865,10,"2017-01-19 02:36:39","2017-01-19 02:36:39"
950,866,10,"2017-01-19 02:36:39","2017-01-19 02:36:39"
951,867,10,"2017-01-19 02:36:39","2017-01-19 02:36:39"
952,868,10,"2017-01-19 02:36:39","2017-01-19 02:36:39"
953,869,10,"2017-01-19 02:36:39","2017-01-19 02:36:39"
954,870,10,"2017-01-19 02:36:39","2017-01-19 02:36:39"
955,871,10,"2017-01-19 02:36:39","2017-01-19 02:36:39"
956,872,10,"2017-01-19 02:36:39","2017-01-19 02:36:39"
957,873,10,"2017-01-19 02:36:39","2017-01-19 02:36:39"
958,874,10,"2017-01-19 02:36:40","2017-01-19 02:36:40"
959,875,10,"2017-01-19 02:36:40","2017-01-19 02:36:40"
960,876,10,"2017-01-19 02:36:40","2017-01-19 02:36:40"
961,877,10,"2017-01-19 02:36:40","2017-01-19 02:36:40"
962,878,10,"2017-01-19 02:36:40","2017-01-19 02:36:40"
963,879,10,"2017-01-19 02:36:40","2017-01-19 02:36:40"
964,880,10,"2017-01-19 02:36:40","2017-01-19 02:36:40"
965,881,10,"2017-01-19 02:36:40","2017-01-19 02:36:40"
966,882,10,"2017-01-19 02:36:40","2017-01-19 02:36:40"
967,883,10,"2017-01-19 02:36:40","2017-01-19 02:36:40"
968,884,10,"2017-01-19 02:36:40","2017-01-19 02:36:40"
969,885,10,"2017-01-19 02:36:40","2017-01-19 02:36:40"
970,886,10,"2017-01-19 02:36:40","2017-01-19 02:36:40"
971,887,10,"2017-01-19 02:36:40","2017-01-19 02:36:40"
972,888,10,"2017-01-19 02:36:40","2017-01-19 02:36:40"
973,889,10,"2017-01-19 02:36:40","2017-01-19 02:36:40"
974,890,10,"2017-01-19 02:36:40","2017-01-19 02:36:40"
975,891,10,"2017-01-19 02:36:40","2017-01-19 02:36:40"
976,892,10,"2017-01-19 02:36:40","2017-01-19 02:36:40"
977,893,10,"2017-01-19 02:36:40","2017-01-19 02:36:40"
978,894,10,"2017-01-19 02:36:40","2017-01-19 02:36:40"
979,895,10,"2017-01-19 02:36:40","2017-01-19 02:36:40"
980,896,10,"2017-01-19 02:36:40","2017-01-19 02:36:40"
981,897,10,"2017-01-19 02:36:40","2017-01-19 02:36:40"
982,898,10,"2017-01-19 02:36:40","2017-01-19 02:36:40"
983,899,10,"2017-01-19 02:36:40","2017-01-19 02:36:40"
984,900,10,"2017-01-19 02:36:40","2017-01-19 02:36:40"
985,901,10,"2017-01-19 02:36:40","2017-01-19 02:36:40"
986,902,10,"2017-01-19 02:36:40","2017-01-19 02:36:40"
987,903,10,"2017-01-19 02:36:40","2017-01-19 02:36:40"
988,904,10,"2017-01-19 02:36:40","2017-01-19 02:36:40"
989,905,10,"2017-01-19 02:36:40","2017-01-19 02:36:40"
990,906,10,"2017-01-19 02:36:40","2017-01-19 02:36:40"
991,907,10,"2017-01-19 02:36:40","2017-01-19 02:36:40"
992,908,10,"2017-01-19 02:36:40","2017-01-19 02:36:40"
993,909,10,"2017-01-19 02:36:40","2017-01-19 02:36:40"
994,910,10,"2017-01-19 02:36:40","2017-01-19 02:36:40"
995,911,10,"2017-01-19 02:36:41","2017-01-19 02:36:41"
996,912,10,"2017-01-19 02:36:41","2017-01-19 02:36:41"
997,913,10,"2017-01-19 02:36:41","2017-01-19 02:36:41"
998,914,10,"2017-01-19 02:36:41","2017-01-19 02:36:41"
999,915,10,"2017-01-19 02:36:41","2017-01-19 02:36:41"
1000,916,10,"2017-01-19 02:36:41","2017-01-19 02:36:41"
1001,917,10,"2017-01-19 02:36:41","2017-01-19 02:36:41"
1002,918,10,"2017-01-19 02:36:41","2017-01-19 02:36:41"
1003,919,10,"2017-01-19 02:36:41","2017-01-19 02:36:41"
1004,920,10,"2017-01-19 02:36:41","2017-01-19 02:36:41"
1005,921,10,"2017-01-19 02:36:41","2017-01-19 02:36:41"
1006,922,10,"2017-01-19 02:36:41","2017-01-19 02:36:41"
1007,923,10,"2017-01-19 02:36:41","2017-01-19 02:36:41"
1008,924,10,"2017-01-19 02:36:41","2017-01-19 02:36:41"
1009,925,10,"2017-01-19 02:36:41","2017-01-19 02:36:41"
1010,926,10,"2017-01-19 02:36:41","2017-01-19 02:36:41"
1011,927,10,"2017-01-19 02:36:41","2017-01-19 02:36:41"
1012,928,10,"2017-01-19 02:36:41","2017-01-19 02:36:41"
1013,929,10,"2017-01-19 02:36:41","2017-01-19 02:36:41"
1014,930,10,"2017-01-19 02:36:41","2017-01-19 02:36:41"
1015,931,10,"2017-01-19 02:36:41","2017-01-19 02:36:41"
1016,932,10,"2017-01-19 02:36:41","2017-01-19 02:36:41"
1017,933,10,"2017-01-19 02:36:41","2017-01-19 02:36:41"
1018,934,10,"2017-01-19 02:36:41","2017-01-19 02:36:41"
1019,935,10,"2017-01-19 02:36:42","2017-01-19 02:36:42"
1020,936,10,"2017-01-19 02:36:42","2017-01-19 02:36:42"
1021,937,10,"2017-01-19 02:36:42","2017-01-19 02:36:42"
1022,938,10,"2017-01-19 02:36:42","2017-01-19 02:36:42"
1023,939,10,"2017-01-19 02:36:42","2017-01-19 02:36:42"
1024,940,10,"2017-01-19 02:36:42","2017-01-19 02:36:42"
1025,941,10,"2017-01-19 02:36:42","2017-01-19 02:36:42"
1026,942,10,"2017-01-19 02:36:42","2017-01-19 02:36:42"
1027,943,10,"2017-01-19 02:36:42","2017-01-19 02:36:42"
1028,944,10,"2017-01-19 02:36:42","2017-01-19 02:36:42"
1029,945,10,"2017-01-19 02:36:42","2017-01-19 02:36:42"
1030,946,10,"2017-01-19 02:36:42","2017-01-19 02:36:42"
1031,947,10,"2017-01-19 02:36:42","2017-01-19 02:36:42"
1032,948,10,"2017-01-19 02:36:42","2017-01-19 02:36:42"
1033,949,10,"2017-01-19 02:36:42","2017-01-19 02:36:42"
1034,950,10,"2017-01-19 02:36:42","2017-01-19 02:36:42"
1035,951,10,"2017-01-19 02:36:42","2017-01-19 02:36:42"
1036,952,10,"2017-01-19 02:36:42","2017-01-19 02:36:42"
1037,953,10,"2017-01-19 02:36:42","2017-01-19 02:36:42"
1038,954,10,"2017-01-19 02:36:42","2017-01-19 02:36:42"
1039,955,10,"2017-01-19 02:36:42","2017-01-19 02:36:42"
1040,956,10,"2017-01-19 02:36:42","2017-01-19 02:36:42"
1041,957,10,"2017-01-19 02:36:42","2017-01-19 02:36:42"
1042,958,10,"2017-01-19 02:36:42","2017-01-19 02:36:42"
1043,959,10,"2017-01-19 02:36:42","2017-01-19 02:36:42"
1044,960,10,"2017-01-19 02:36:42","2017-01-19 02:36:42"
1045,961,10,"2017-01-19 02:36:42","2017-01-19 02:36:42"
1046,962,10,"2017-01-19 02:36:42","2017-01-19 02:36:42"
1047,963,10,"2017-01-19 02:36:43","2017-01-19 02:36:43"
1048,964,10,"2017-01-19 02:36:43","2017-01-19 02:36:43"
1049,965,10,"2017-01-19 02:36:43","2017-01-19 02:36:43"
1050,966,10,"2017-01-19 02:36:43","2017-01-19 02:36:43"
1051,967,10,"2017-01-19 02:36:43","2017-01-19 02:36:43"
1052,968,10,"2017-01-19 02:36:43","2017-01-19 02:36:43"
1053,969,10,"2017-01-19 02:36:43","2017-01-19 02:36:43"
1054,970,10,"2017-01-19 02:36:43","2017-01-19 02:36:43"
1055,971,10,"2017-01-19 02:36:43","2017-01-19 02:36:43"
1056,972,10,"2017-01-19 02:36:43","2017-01-19 02:36:43"
1057,973,10,"2017-01-19 02:36:43","2017-01-19 02:36:43"
1058,974,10,"2017-01-19 02:36:43","2017-01-19 02:36:43"
1059,975,10,"2017-01-19 02:36:43","2017-01-19 02:36:43"
1060,976,10,"2017-01-19 02:36:43","2017-01-19 02:36:43"
1061,977,10,"2017-01-19 02:36:43","2017-01-19 02:36:43"
1062,978,10,"2017-01-19 02:36:43","2017-01-19 02:36:43"
1063,979,10,"2017-01-19 02:36:43","2017-01-19 02:36:43"
1064,980,10,"2017-01-19 02:36:43","2017-01-19 02:36:43"
1065,981,10,"2017-01-19 02:36:43","2017-01-19 02:36:43"
1066,982,10,"2017-01-19 02:36:43","2017-01-19 02:36:43"
1067,983,10,"2017-01-19 02:36:43","2017-01-19 02:36:43"
1068,984,10,"2017-01-19 02:36:43","2017-01-19 02:36:43"
1069,985,10,"2017-01-19 02:36:43","2017-01-19 02:36:43"
1070,986,10,"2017-01-19 02:36:43","2017-01-19 02:36:43"
1071,987,10,"2017-01-19 02:36:43","2017-01-19 02:36:43"
1072,988,10,"2017-01-19 02:36:43","2017-01-19 02:36:43"
1073,989,10,"2017-01-19 02:36:43","2017-01-19 02:36:43"
1074,990,10,"2017-01-19 02:36:43","2017-01-19 02:36:43"
1075,991,10,"2017-01-19 02:36:43","2017-01-19 02:36:43"
1076,992,10,"2017-01-19 02:36:43","2017-01-19 02:36:43"
1077,993,10,"2017-01-19 02:36:43","2017-01-19 02:36:43"
1078,994,10,"2017-01-19 02:36:43","2017-01-19 02:36:43"
1079,995,10,"2017-01-19 02:36:43","2017-01-19 02:36:43"
1080,996,10,"2017-01-19 02:36:44","2017-01-19 02:36:44"
1081,997,10,"2017-01-19 02:36:44","2017-01-19 02:36:44"
1082,998,10,"2017-01-19 02:36:44","2017-01-19 02:36:44"
1083,999,10,"2017-01-19 02:36:44","2017-01-19 02:36:44"
1084,1000,10,"2017-01-19 02:36:44","2017-01-19 02:36:44"
1085,1001,10,"2017-01-19 02:36:44","2017-01-19 02:36:44"
1086,1002,10,"2017-01-19 02:36:44","2017-01-19 02:36:44"
1087,1003,10,"2017-01-19 02:36:44","2017-01-19 02:36:44"
1088,1004,10,"2017-01-19 02:36:44","2017-01-19 02:36:44"
1089,1005,10,"2017-01-19 02:36:44","2017-01-19 02:36:44"
